CRASH_ID,VEH_HNR_FL
14885794,Y
14878211,Y
14900037,Y
14864845,Y
14872770,Y
14848933,Y
14867543,Y
14873624,Y
14893846,Y
14897840,Y
14867804,Y
14886546,Y
14889995,Y
14856879,Y
14870148,Y
14875680,Y
14891185,Y
14850269,Y
14853424,Y
14861556,Y
14879198,Y
14846632,Y
14879179,Y
14901824,Y
14903187,Y
14904719,Y
14875379,Y
14887239,Y
14848364,Y
14886169,Y
14871422,Y
14873972,Y
14889226,Y
14844344,Y
14867513,Y
14888165,Y
14888683,Y
14888894,Y
14897052,Y
14860298,Y
14881444,Y
14851735,Y
14885187,Y
14892846,Y
14904924,Y
14848341,Y
14849811,Y
14890018,Y
14898917,Y
14852917,Y
14871309,Y
14883323,Y
14862007,Y
14897034,Y
14897263,Y
14872761,Y
14842278,Y
14893466,Y
14863075,Y
14904860,Y
14864168,Y
14890318,Y
14894786,Y
14847892,Y
14865622,Y
14852094,Y
14870196,Y
14875730,Y
14900768,Y
14900821,Y
14856218,Y
14859769,Y
14882346,Y
14890080,Y
14861361,Y
14876746,Y
14880224,Y
14889698,Y
14896511,Y
14865548,Y
14888231,Y
14850585,Y
14877692,Y
14877833,Y
14885187,Y
14902046,Y
14859108,Y
14869963,Y
14851224,Y
14860922,Y
14865444,Y
14876936,Y
14889687,Y
14903025,Y
14888425,Y
14894300,Y
14899222,Y
14902492,Y
14844479,Y
14847339,Y
14886652,Y
14849664,Y
14853703,Y
14856536,Y
14873446,Y
14894987,Y
14899541,Y
14902457,Y
14872018,Y
14881987,Y
14893429,Y
14843283,Y
14859701,Y
14889389,Y
14891740,Y
14899600,Y
14900264,Y
14884578,Y
14886344,Y
14853524,Y
14842298,Y
14867716,Y
14879499,Y
14887441,Y
14864502,Y
14884551,Y
14888384,Y
14861006,Y
14862073,Y
14866769,Y
14876741,Y
14895934,Y
14904788,Y
14847881,Y
14866571,Y
14882497,Y
14871489,Y
14852072,Y
14890373,Y
14872344,Y
14875489,Y
14846753,Y
14885731,Y
14889075,Y
14861930,Y
14863133,Y
14863454,Y
14864502,Y
14877134,Y
14897187,Y
14844538,Y
14874501,Y
14882569,Y
14885720,Y
14900130,Y
14844539,Y
14871368,Y
14903598,Y
14865620,Y
14882497,Y
14903650,Y
14888933,Y
14846979,Y
14876157,Y
14887996,Y
14860043,Y
14868568,Y
14895887,Y
14865265,Y
14865449,Y
14866886,Y
14869941,Y
14883996,Y
14904658,Y
14844353,Y
14888390,Y
14898041,Y
14904142,Y
14840819,Y
14861181,Y
14862925,Y
14875396,Y
14882340,Y
14895209,Y
14901814,Y
14896377,Y
14845668,Y
14903996,Y
14892761,Y
14859390,Y
14863489,Y
14901065,Y
14847690,Y
14884294,Y
14898454,Y
14898720,Y
14840017,Y
14887430,Y
14894471,Y
14865790,Y
14879793,Y
14902207,Y
14859594,Y
14894452,Y
14895983,Y
14844463,Y
14892728,Y
14859957,Y
14893513,Y
14893846,Y
14904158,Y
14904717,Y
14903646,Y
14850115,Y
14856868,Y
14879765,Y
14893931,Y
14897068,Y
14845673,Y
14870973,Y
14873291,Y
14882150,Y
14886241,Y
14899531,Y
14903117,Y
14865369,Y
14868065,Y
14871451,Y
14842987,Y
14886277,Y
14838842,Y
14854530,Y
14880428,Y
14888934,Y
14880282,Y
14889491,Y
14880513,Y
14883419,Y
14868903,Y
14858415,Y
14868363,Y
14874773,Y
14883430,Y
14872470,Y
14902187,Y
14859625,Y
14897466,Y
14897490,Y
14840612,Y
14857516,Y
14866317,Y
14887660,Y
14902634,Y
14872412,Y
14883240,Y
14887148,Y
14890506,Y
14867981,Y
14871580,Y
14899123,Y
14870271,Y
14897839,Y
14898463,Y
14884269,Y
14896948,Y
14903239,Y
14865808,Y
14897214,Y
14904944,Y
14845274,Y
14852533,Y
14872659,Y
14873477,Y
14846096,Y
14864942,Y
14865332,Y
14872708,Y
14849279,Y
14898703,Y
14871426,Y
14868253,Y
14870207,Y
14878228,Y
14869929,Y
14861897,Y
14864721,Y
14902713,Y
14848692,Y
14873367,Y
14899591,Y
14854045,Y
14897263,Y
14899123,Y
14888377,Y
14852077,Y
14878027,Y
14883518,Y
14847744,Y
14868965,Y
14889567,Y
14845759,Y
14867772,Y
14876880,Y
14892775,Y
14899449,Y
14883219,Y
14891866,Y
14904490,Y
14904837,Y
14862730,Y
14897509,Y
14902149,Y
14852865,Y
14874925,Y
14899871,Y
14860490,Y
14867784,Y
14890018,Y
14863111,Y
14869771,Y
14884965,Y
14893385,Y
14902010,Y
14871480,Y
14859556,Y
14863325,Y
14871430,Y
14883995,Y
14877131,Y
14898286,Y
14901625,Y
14890179,Y
14891512,Y
14860983,Y
14854987,Y
14867689,Y
14871518,Y
14858406,Y
14863494,Y
14876612,Y
14869258,Y
14901991,Y
14844520,Y
14865154,Y
14885700,Y
14850423,Y
14880722,Y
14881780,Y
14883823,Y
14878106,Y
14878468,Y
14847926,Y
14896009,Y
14859785,Y
14899999,Y
14900862,Y
14881965,Y
14896030,Y
14896656,Y
14903579,Y
14838841,Y
14863493,Y
14865646,Y
14882957,Y
14896509,Y
14901469,Y
14878995,Y
14885662,Y
14900834,Y
14848400,Y
14863226,Y
14897063,Y
14897490,Y
14861716,Y
14897226,Y
14904790,Y
14888395,Y
14898603,Y
14845770,Y
14897923,Y
14840537,Y
14842185,Y
14855549,Y
14900862,Y
14890670,Y
14869291,Y
14852093,Y
14855513,Y
14894500,Y
14842952,Y
14887009,Y
14897737,Y
14897865,Y
14855370,Y
14875197,Y
14895676,Y
14947626,Y
14953936,Y
14983535,Y
14948416,Y
14906013,Y
14945671,Y
14931438,Y
15005952,Y
14912911,Y
14917110,Y
14979091,Y
14918812,Y
15127267,Y
14905090,Y
14917356,Y
14924404,Y
14925104,Y
14934563,Y
14938847,Y
14936148,Y
14944095,Y
14926052,Y
14908762,Y
14916846,Y
14907636,Y
14910743,Y
14923052,Y
14927855,Y
14930546,Y
14933973,Y
14936751,Y
14917694,Y
14930436,Y
14915685,Y
14918293,Y
14923502,Y
14925402,Y
14927135,Y
14929502,Y
14939731,Y
14919216,Y
14921550,Y
14927179,Y
14932185,Y
14945878,Y
14916770,Y
14923397,Y
14938974,Y
14935062,Y
14953589,Y
14920728,Y
14922993,Y
14925945,Y
14908952,Y
14917964,Y
14944935,Y
14958126,Y
14937078,Y
14913808,Y
14928814,Y
14932588,Y
14940071,Y
14952753,Y
14912288,Y
14950179,Y
14904985,Y
14919641,Y
14935127,Y
14936734,Y
14926856,Y
14907069,Y
14934468,Y
14985658,Y
14918596,Y
14926739,Y
14929594,Y
14960878,Y
14927557,Y
14933410,Y
14947005,Y
14944974,Y
14921873,Y
15262509,Y
14916642,Y
14916711,Y
14920835,Y
14908768,Y
14925817,Y
14907191,Y
14909174,Y
14919580,Y
14915707,Y
14942216,Y
14948420,Y
14911985,Y
14947929,Y
14921246,Y
15026971,Y
14910995,Y
14915917,Y
14919908,Y
14932845,Y
14953646,Y
14910605,Y
14911670,Y
14948215,Y
14941135,Y
14948475,Y
14988570,Y
14917392,Y
14922162,Y
14926197,Y
14936454,Y
14945464,Y
14905247,Y
14918595,Y
14919934,Y
14962687,Y
14941021,Y
14907126,Y
14936543,Y
14955412,Y
14945594,Y
15204316,Y
14914069,Y
14966854,Y
14955668,Y
14915669,Y
14922274,Y
14950083,Y
15204197,Y
14913729,Y
14941618,Y
14938135,Y
14947443,Y
14938415,Y
14944720,Y
14949252,Y
14957063,Y
14906172,Y
14911307,Y
14911974,Y
14941760,Y
14919939,Y
14911476,Y
14929142,Y
14924089,Y
14938136,Y
14934944,Y
14953283,Y
14970176,Y
14937964,Y
14954012,Y
14962636,Y
14911273,Y
14916701,Y
14916725,Y
14922365,Y
14913986,Y
14919452,Y
14921550,Y
14922828,Y
14925283,Y
14964593,Y
14911937,Y
14986447,Y
14920271,Y
14953300,Y
14926441,Y
14911974,Y
14922716,Y
14948286,Y
14978989,Y
14947686,Y
14966701,Y
14934751,Y
14975107,Y
14912779,Y
14913108,Y
14926836,Y
14932835,Y
14924046,Y
14934751,Y
14936703,Y
14912983,Y
14917138,Y
14955641,Y
14960998,Y
15026965,Y
14934422,Y
14930874,Y
14908104,Y
14910397,Y
14918207,Y
14932240,Y
14947831,Y
14918068,Y
14966483,Y
14982270,Y
14998402,Y
14949362,Y
14917408,Y
14917956,Y
14918597,Y
14949799,Y
14908851,Y
14914343,Y
14942444,Y
14906900,Y
14919091,Y
14912034,Y
14969849,Y
14928609,Y
14957322,Y
14962772,Y
14930006,Y
14913873,Y
14927113,Y
14926486,Y
14931347,Y
14910913,Y
14916326,Y
14935292,Y
14966932,Y
14934203,Y
14935279,Y
14955600,Y
14939547,Y
15315551,Y
14943501,Y
14951190,Y
14995833,Y
14908377,Y
14922724,Y
14927941,Y
14929158,Y
14946943,Y
14909141,Y
14910984,Y
14930553,Y
14936166,Y
14918482,Y
14966646,Y
14922922,Y
14928158,Y
14922927,Y
14922940,Y
14985583,Y
14910940,Y
14914779,Y
14920491,Y
14952135,Y
14952870,Y
14955147,Y
14969275,Y
14969602,Y
15152794,Y
14949752,Y
14909266,Y
14915092,Y
14936193,Y
14970812,Y
14910793,Y
14960463,Y
14936732,Y
14959115,Y
14939560,Y
14940783,Y
14957047,Y
15022491,Y
14913232,Y
14944496,Y
14917325,Y
14945328,Y
15151602,Y
14905736,Y
14907034,Y
14969620,Y
14939556,Y
14946555,Y
14953355,Y
14945938,Y
14905175,Y
14911299,Y
14924887,Y
14926849,Y
14935917,Y
14945884,Y
14955118,Y
14940778,Y
14942130,Y
14917408,Y
14919878,Y
14923164,Y
14937013,Y
14956063,Y
14943887,Y
14962808,Y
14911020,Y
14935258,Y
14953652,Y
14958218,Y
14964458,Y
14923949,Y
14948289,Y
14942497,Y
14940699,Y
14913701,Y
14915720,Y
14939533,Y
14942234,Y
14943620,Y
14953357,Y
15005821,Y
14909647,Y
14918246,Y
14918258,Y
14949662,Y
14981051,Y
14913537,Y
14922162,Y
15038300,Y
14907076,Y
14941001,Y
14923936,Y
14932720,Y
14951195,Y
14931256,Y
14995838,Y
14950885,Y
15043348,Y
14947857,Y
14916395,Y
15021046,Y
14904976,Y
14909282,Y
14908616,Y
14921316,Y
14921319,Y
14913519,Y
14921295,Y
14936910,Y
14956779,Y
14932606,Y
14905974,Y
14917096,Y
14968205,Y
14917866,Y
14946630,Y
14928985,Y
14966857,Y
14957396,Y
14907781,Y
14925033,Y
15001924,Y
14942475,Y
14909908,Y
14933946,Y
14953265,Y
14963978,Y
14914239,Y
14926107,Y
14934947,Y
14919090,Y
14928938,Y
15717709,Y
14907813,Y
15084263,Y
14911711,Y
14924582,Y
14927495,Y
14935062,Y
14946164,Y
14948588,Y
14946708,Y
14921280,Y
14922547,Y
14939989,Y
14919884,Y
14911307,Y
14933850,Y
14953620,Y
15010691,Y
14961963,Y
14984061,Y
14976396,Y
14991661,Y
14979544,Y
14991748,Y
14992845,Y
14958420,Y
15006246,Y
15011483,Y
15010242,Y
14964296,Y
14977866,Y
14950585,Y
14962502,Y
14976382,Y
15009455,Y
15010109,Y
14989573,Y
14990930,Y
14960207,Y
14995416,Y
15009996,Y
14975293,Y
14977137,Y
14996951,Y
14967189,Y
14954982,Y
14956333,Y
14965409,Y
14998814,Y
15006859,Y
15007088,Y
14996650,Y
14998055,Y
14986125,Y
14963073,Y
14971516,Y
14967161,Y
14961162,Y
14985697,Y
14980890,Y
15012308,Y
14969517,Y
15004083,Y
14961036,Y
15007502,Y
14979028,Y
14962426,Y
14975967,Y
14979270,Y
15011800,Y
15013134,Y
14978690,Y
14981162,Y
14981551,Y
14977732,Y
14964087,Y
14968457,Y
14984640,Y
14972228,Y
14983435,Y
14972636,Y
14954673,Y
14959320,Y
14982810,Y
15003143,Y
14950853,Y
14982548,Y
14996136,Y
15013282,Y
14967021,Y
14997532,Y
14994907,Y
14998288,Y
15001243,Y
14985463,Y
14992102,Y
14996201,Y
15010866,Y
14959969,Y
14966739,Y
14983898,Y
15005874,Y
15005546,Y
14996603,Y
15008857,Y
14956610,Y
14962066,Y
14967686,Y
14972625,Y
15000921,Y
14988750,Y
15002961,Y
14964523,Y
14960627,Y
14983472,Y
14964512,Y
14970095,Y
14977399,Y
15000600,Y
14996487,Y
15004852,Y
15009675,Y
15009789,Y
14967705,Y
14970454,Y
14976436,Y
14984807,Y
14978889,Y
14987647,Y
14973905,Y
14990112,Y
14990811,Y
14977247,Y
14996094,Y
14980018,Y
15001630,Y
14983974,Y
14989825,Y
14990011,Y
15013270,Y
14997153,Y
14997853,Y
14977347,Y
14986229,Y
14990112,Y
14968915,Y
14982524,Y
15001150,Y
14970258,Y
14998535,Y
15009814,Y
15002529,Y
15009360,Y
15012641,Y
14975907,Y
14976470,Y
14983283,Y
14994909,Y
15007478,Y
15008188,Y
14983587,Y
14996679,Y
14991523,Y
14966269,Y
14978527,Y
14995436,Y
14962328,Y
14992986,Y
14967897,Y
14973448,Y
14991532,Y
14994847,Y
14976935,Y
14980212,Y
14979785,Y
15001613,Y
14989050,Y
14990056,Y
14992130,Y
14996009,Y
14960627,Y
14960689,Y
14979409,Y
14979739,Y
14981370,Y
15002901,Y
15003702,Y
15011317,Y
14988339,Y
15007623,Y
14990584,Y
14999334,Y
14957860,Y
14993980,Y
15011317,Y
14950946,Y
14996012,Y
15005629,Y
14964776,Y
15000276,Y
15006782,Y
14988032,Y
14991748,Y
14959320,Y
14971984,Y
14976852,Y
15009353,Y
14980702,Y
14962626,Y
14976129,Y
14980915,Y
14980296,Y
14982551,Y
15002070,Y
15010103,Y
15011316,Y
14979389,Y
14983322,Y
14978454,Y
14981550,Y
14965021,Y
14981383,Y
14950882,Y
15002741,Y
15003003,Y
14975811,Y
15007079,Y
15009434,Y
14980018,Y
15001627,Y
15003847,Y
15007669,Y
14966614,Y
14997883,Y
14992965,Y
14956901,Y
14964877,Y
14985953,Y
14973915,Y
14974635,Y
14975033,Y
14966965,Y
14971984,Y
14975083,Y
14983487,Y
14996113,Y
14992159,Y
14963525,Y
14956499,Y
14984844,Y
14996285,Y
15001588,Y
14984685,Y
14985975,Y
15001635,Y
14963833,Y
14965045,Y
14984554,Y
15005458,Y
14980808,Y
14960268,Y
14968703,Y
14994109,Y
14995789,Y
14955323,Y
14985013,Y
14976637,Y
14997836,Y
15003373,Y
14961211,Y
14951145,Y
14966212,Y
14969937,Y
15004123,Y
15005683,Y
15007525,Y
15012520,Y
14967260,Y
14976011,Y
14979653,Y
15003101,Y
14974239,Y
15001512,Y
15002907,Y
14998076,Y
14966570,Y
15005555,Y
14963398,Y
14980920,Y
14987135,Y
14974147,Y
15001886,Y
15003084,Y
14965776,Y
14972991,Y
14970909,Y
14992860,Y
14998049,Y
15004900,Y
14950788,Y
14979872,Y
14977857,Y
15003129,Y
15005592,Y
14992628,Y
14996201,Y
14968703,Y
14974508,Y
14985383,Y
15011986,Y
14990765,Y
14976637,Y
14987825,Y
14993834,Y
14964096,Y
14978766,Y
14979735,Y
14989674,Y
14965574,Y
14959883,Y
14981335,Y
14977009,Y
14987207,Y
14980212,Y
14991344,Y
14951330,Y
14992208,Y
15007728,Y
14950504,Y
14975775,Y
14996683,Y
15010736,Y
14963916,Y
14984582,Y
14970650,Y
14982864,Y
14990609,Y
14970209,Y
14999422,Y
14988424,Y
14968135,Y
15010752,Y
14958420,Y
14983070,Y
14965358,Y
14983246,Y
14964313,Y
14984488,Y
14968716,Y
15008175,Y
14964313,Y
14969702,Y
14990973,Y
15007466,Y
15009961,Y
14958134,Y
14971222,Y
14995783,Y
15039650,Y
15048085,Y
15050190,Y
15055129,Y
15022271,Y
15032853,Y
15035902,Y
15141259,Y
15080896,Y
15053832,Y
15045919,Y
15081279,Y
15090372,Y
15046991,Y
15068171,Y
15027573,Y
15055756,Y
15180217,Y
15020427,Y
15021447,Y
15042707,Y
15015737,Y
15036731,Y
15048064,Y
15039643,Y
15071656,Y
15071794,Y
15101281,Y
15022273,Y
15069446,Y
15029321,Y
15041620,Y
15043755,Y
15044416,Y
15104275,Y
15054035,Y
15084403,Y
15067417,Y
15033585,Y
15043639,Y
15067094,Y
15033716,Y
15038385,Y
15013688,Y
15017841,Y
15042718,Y
15128988,Y
15017073,Y
15035067,Y
15044939,Y
15025340,Y
15033133,Y
15045837,Y
15014360,Y
15037596,Y
15048593,Y
15092497,Y
15039161,Y
15040343,Y
15092543,Y
15047832,Y
15030698,Y
15036020,Y
15036384,Y
15015385,Y
15036736,Y
15053886,Y
15101285,Y
15021973,Y
15032514,Y
15039974,Y
15048038,Y
15055821,Y
15028664,Y
15066925,Y
15094694,Y
15023061,Y
15018370,Y
15014238,Y
15034410,Y
15081632,Y
15070443,Y
15020081,Y
15021741,Y
15046637,Y
15015021,Y
15048593,Y
15069080,Y
15071077,Y
15128108,Y
15040969,Y
15019219,Y
15037466,Y
15053520,Y
15090820,Y
15020142,Y
15028664,Y
15044939,Y
15090525,Y
15070245,Y
15031597,Y
15036480,Y
15048569,Y
15038885,Y
15038942,Y
15031073,Y
15054514,Y
15068746,Y
15069080,Y
15024265,Y
15082896,Y
15092555,Y
15029134,Y
15050190,Y
15070856,Y
15020484,Y
15034062,Y
15041432,Y
15046899,Y
15030107,Y
15032368,Y
15040960,Y
15041228,Y
15045190,Y
15053632,Y
15053829,Y
15026369,Y
15026606,Y
15032685,Y
15054514,Y
15096174,Y
15071656,Y
15039289,Y
15040518,Y
15051268,Y
15017054,Y
15017733,Y
15038977,Y
15042117,Y
15045449,Y
15081353,Y
15028412,Y
15044062,Y
15049094,Y
15069032,Y
15050067,Y
15031983,Y
15041078,Y
15104427,Y
15315512,Y
15039276,Y
15290584,Y
15071658,Y
15021903,Y
15021973,Y
15033133,Y
15018908,Y
15026065,Y
15014967,Y
15024702,Y
15027873,Y
15028731,Y
15048778,Y
15109182,Y
15030170,Y
15037285,Y
15054305,Y
15080866,Y
15033824,Y
15031394,Y
15169518,Y
15035773,Y
15044710,Y
15049091,Y
15034058,Y
15065939,Y
15084701,Y
15028316,Y
15051195,Y
15186161,Y
15014759,Y
15021888,Y
15031788,Y
15049914,Y
15022964,Y
15104157,Y
15049616,Y
15033750,Y
15042218,Y
15049373,Y
15029692,Y
15027214,Y
15035390,Y
15047573,Y
15020893,Y
15024492,Y
15090532,Y
15042294,Y
15014021,Y
15041323,Y
15045453,Y
15024342,Y
15039155,Y
15046671,Y
15033122,Y
15046557,Y
15025676,Y
15048151,Y
15027491,Y
15023436,Y
15096174,Y
15044532,Y
15070402,Y
15031828,Y
15043779,Y
15049912,Y
15036779,Y
15036951,Y
15047346,Y
15048866,Y
15014825,Y
15018674,Y
15019755,Y
15022707,Y
15022022,Y
15031829,Y
15032309,Y
15023965,Y
15049910,Y
15055500,Y
15097486,Y
15039671,Y
15027205,Y
15017244,Y
15021583,Y
15048194,Y
15049193,Y
15016238,Y
15024727,Y
15043203,Y
15047458,Y
15088403,Y
15071733,Y
15021288,Y
15034258,Y
15034359,Y
15036374,Y
15049019,Y
15020975,Y
15028018,Y
15029133,Y
15036803,Y
15029009,Y
15050770,Y
15083244,Y
15044631,Y
15104417,Y
15070685,Y
15019786,Y
15067477,Y
15071813,Y
15022386,Y
15024551,Y
15119254,Y
15016366,Y
15025461,Y
15014042,Y
15026760,Y
15036230,Y
15018490,Y
15025465,Y
15050105,Y
15035914,Y
15046418,Y
15052184,Y
15014359,Y
15031983,Y
15044532,Y
15081208,Y
15039465,Y
15023288,Y
15027904,Y
15050678,Y
15042329,Y
15081659,Y
15043090,Y
15020825,Y
15038639,Y
15054553,Y
15070478,Y
15033241,Y
15039446,Y
15066665,Y
15070986,Y
15037918,Y
15017367,Y
15013484,Y
15040269,Y
15041080,Y
15068570,Y
15037854,Y
15046648,Y
15077636,Y
15022873,Y
15017979,Y
15022271,Y
15022777,Y
15030868,Y
15084009,Y
15015431,Y
15036954,Y
15067244,Y
15031735,Y
15018415,Y
15019830,Y
15097581,Y
15066539,Y
15068985,Y
15015619,Y
15204478,Y
15071512,Y
15035893,Y
15033041,Y
15036604,Y
15071644,Y
15032559,Y
15077477,Y
15028403,Y
15020907,Y
15040249,Y
15069513,Y
15017634,Y
15041973,Y
15047593,Y
15052247,Y
15067731,Y
15068373,Y
15069594,Y
15016418,Y
15024518,Y
15037137,Y
15044083,Y
15014962,Y
15021284,Y
15083049,Y
15041080,Y
15043860,Y
15044745,Y
15067255,Y
15142677,Y
15035848,Y
15033863,Y
15052876,Y
15023433,Y
15024309,Y
15024727,Y
15036351,Y
15017297,Y
15028771,Y
15038925,Y
15097212,Y
15155475,Y
15035821,Y
15078833,Y
15080866,Y
15114701,Y
15039957,Y
15034309,Y
15037011,Y
15022051,Y
15051195,Y
15056010,Y
15019586,Y
15097746,Y
15116180,Y
15121456,Y
15079032,Y
15087495,Y
15097281,Y
15135088,Y
15086844,Y
15124043,Y
15106679,Y
15121063,Y
15128355,Y
15100526,Y
15103130,Y
15110125,Y
15111009,Y
15113787,Y
15103422,Y
15122011,Y
15077963,Y
15086723,Y
15114818,Y
15100021,Y
15105625,Y
15101061,Y
15120158,Y
15122505,Y
15126420,Y
15109035,Y
15091445,Y
15132501,Y
15135145,Y
15120432,Y
15087425,Y
15097297,Y
15112722,Y
15124101,Y
15080234,Y
15082832,Y
15122779,Y
15118677,Y
15102401,Y
15103028,Y
15125477,Y
15106491,Y
15133049,Y
15123338,Y
15132580,Y
15106676,Y
15099938,Y
15110240,Y
15112319,Y
15128833,Y
15077964,Y
15111368,Y
15127938,Y
15107994,Y
15108502,Y
15122575,Y
15077921,Y
15096819,Y
15119222,Y
15123124,Y
15086844,Y
15078835,Y
15122802,Y
15100346,Y
15084202,Y
15105869,Y
15134290,Y
15120154,Y
15113679,Y
15130222,Y
15132581,Y
15135853,Y
15127906,Y
15091702,Y
15087967,Y
15128924,Y
15117070,Y
15124931,Y
15123963,Y
15107502,Y
15105604,Y
15120118,Y
15115804,Y
15088781,Y
15097280,Y
15084042,Y
15129185,Y
15122908,Y
15088366,Y
15092641,Y
15080795,Y
15109705,Y
15129011,Y
15083047,Y
15103228,Y
15105206,Y
15109693,Y
15117479,Y
15124477,Y
15131777,Y
15134008,Y
15099668,Y
15109938,Y
15115797,Y
15080252,Y
15131307,Y
15078271,Y
15078706,Y
15127978,Y
15101450,Y
15103658,Y
15134259,Y
15092254,Y
15112221,Y
15086364,Y
15094271,Y
15117747,Y
15085188,Y
15097126,Y
15122546,Y
15107548,Y
15125694,Y
15105607,Y
15087867,Y
15113910,Y
15090105,Y
15091821,Y
15105369,Y
15133191,Y
15134937,Y
15111753,Y
15121874,Y
15133585,Y
15085566,Y
15089161,Y
15076847,Y
15079516,Y
15086496,Y
15105613,Y
15120922,Y
15127900,Y
15135331,Y
15092091,Y
15125225,Y
15129579,Y
15100417,Y
15087407,Y
15092292,Y
15106502,Y
15107323,Y
15112592,Y
15126739,Y
15093910,Y
15129524,Y
15104909,Y
15107822,Y
15082198,Y
15125712,Y
15079224,Y
15127771,Y
15103943,Y
15122136,Y
15108466,Y
15077873,Y
15116572,Y
15127975,Y
15091636,Y
15105510,Y
15103091,Y
15106930,Y
15114849,Y
15125042,Y
15072658,Y
15112457,Y
15118702,Y
15129101,Y
15091435,Y
15106368,Y
15123033,Y
15110690,Y
15075539,Y
15079362,Y
15083261,Y
15125694,Y
15126721,Y
15094065,Y
15094266,Y
15107228,Y
15133191,Y
15100804,Y
15106338,Y
15114818,Y
15132537,Y
15120659,Y
15121743,Y
15125223,Y
15125225,Y
15135339,Y
15102221,Y
15111241,Y
15128139,Y
15092912,Y
15113985,Y
15105613,Y
15121071,Y
15124501,Y
15087147,Y
15120297,Y
15090432,Y
15105865,Y
15122712,Y
15128298,Y
15121886,Y
15132966,Y
15132573,Y
15132620,Y
15089805,Y
15115001,Y
15111144,Y
15132174,Y
15135580,Y
15086966,Y
15091483,Y
15091289,Y
15092641,Y
15127786,Y
15114849,Y
15119118,Y
15072833,Y
15079687,Y
15124106,Y
15086440,Y
15116070,Y
15124173,Y
15087425,Y
15087895,Y
15079114,Y
15093271,Y
15130677,Y
15112708,Y
15128273,Y
15111408,Y
15135761,Y
15107788,Y
15092259,Y
15101450,Y
15121914,Y
15110240,Y
15135199,Y
15122100,Y
15080323,Y
15085941,Y
15123200,Y
15126068,Y
15081456,Y
15100904,Y
15117250,Y
15080441,Y
15109315,Y
15123333,Y
15089881,Y
15085926,Y
15087035,Y
15098137,Y
15129238,Y
15082193,Y
15127455,Y
15134815,Y
15091577,Y
15108574,Y
15117058,Y
15082203,Y
15123613,Y
15132239,Y
15111731,Y
15122527,Y
15099527,Y
15121979,Y
15109432,Y
15109448,Y
15110899,Y
15110277,Y
15099388,Y
15112478,Y
15131775,Y
15107548,Y
15120233,Y
15127765,Y
15080197,Y
15119211,Y
15091445,Y
15111067,Y
15116308,Y
15120846,Y
15098994,Y
15115500,Y
15134732,Y
15080441,Y
15102804,Y
15126976,Y
15133198,Y
15122379,Y
15124979,Y
15127331,Y
15130560,Y
15130885,Y
15118327,Y
15129392,Y
15108194,Y
15113687,Y
15120428,Y
15127873,Y
15112028,Y
15130118,Y
15088375,Y
15132265,Y
15081634,Y
15106490,Y
15113518,Y
15087896,Y
15079699,Y
15105183,Y
15108566,Y
15094271,Y
15117129,Y
15087158,Y
15104812,Y
15078721,Y
15115425,Y
15132405,Y
15090106,Y
15120698,Y
15132576,Y
15133080,Y
15135646,Y
15078487,Y
15080154,Y
15111827,Y
15112695,Y
15082098,Y
15111440,Y
15128197,Y
15113295,Y
15087136,Y
15089824,Y
15108479,Y
15127699,Y
15085517,Y
15086424,Y
15122930,Y
15131107,Y
15089819,Y
15079887,Y
15113621,Y
15114635,Y
15116996,Y
15131083,Y
15082267,Y
15084586,Y
15113762,Y
15192377,Y
15193466,Y
15139666,Y
15164279,Y
15166410,Y
15184053,Y
15155738,Y
15190936,Y
15178630,Y
15147649,Y
15272474,Y
15136070,Y
15146537,Y
15155761,Y
15173464,Y
15151678,Y
15174056,Y
15161034,Y
15165867,Y
15223368,Y
15140641,Y
15169519,Y
15172768,Y
15175982,Y
15186634,Y
15187305,Y
15141009,Y
15164230,Y
15178399,Y
15182005,Y
15143026,Y
15173891,Y
15154703,Y
15159512,Y
15167462,Y
15139972,Y
15140816,Y
15202948,Y
15304513,Y
15173592,Y
15144279,Y
15148897,Y
15176475,Y
15161730,Y
15170000,Y
15172249,Y
15156059,Y
15178046,Y
15188386,Y
15137617,Y
15151610,Y
15158998,Y
15177107,Y
15176519,Y
15166593,Y
15179344,Y
15184464,Y
15139062,Y
15136655,Y
15220666,Y
15146640,Y
15174741,Y
15204789,Y
15169520,Y
15202698,Y
15182526,Y
15157959,Y
15149005,Y
15160941,Y
15151731,Y
15186478,Y
15258420,Y
15179206,Y
15150529,Y
15141746,Y
15146004,Y
15174987,Y
15137993,Y
15182133,Y
15154443,Y
15183386,Y
15176387,Y
15180026,Y
15136075,Y
15144541,Y
15151888,Y
15156217,Y
15256561,Y
15186741,Y
15136331,Y
15162380,Y
15173087,Y
15258752,Y
15147539,Y
15161723,Y
15183600,Y
15152189,Y
15165587,Y
15143648,Y
15183621,Y
15137526,Y
15156811,Y
15160110,Y
15144701,Y
15146045,Y
15165561,Y
15140293,Y
15167376,Y
15138366,Y
15163122,Y
15328509,Y
15140955,Y
15174574,Y
15163007,Y
15181718,Y
15172843,Y
15171765,Y
15145839,Y
15179012,Y
15168232,Y
15136849,Y
15186716,Y
15142248,Y
15146150,Y
15138193,Y
15149938,Y
15188037,Y
15258709,Y
15151178,Y
15157103,Y
15162593,Y
15218947,Y
15159144,Y
15178627,Y
15143636,Y
15153804,Y
15216089,Y
15149506,Y
15215534,Y
15139224,Y
15172854,Y
15188119,Y
15562355,Y
15182159,Y
15184750,Y
15147730,Y
15159542,Y
15174307,Y
15165700,Y
15164463,Y
15172989,Y
15152660,Y
15169094,Y
15137962,Y
15158257,Y
15147836,Y
15154186,Y
15155896,Y
15165807,Y
15181178,Y
15188123,Y
15162503,Y
15164359,Y
15174570,Y
15153768,Y
15160198,Y
15166066,Y
15146596,Y
15153274,Y
15158999,Y
15179158,Y
15188365,Y
15209389,Y
15380273,Y
15183451,Y
15138540,Y
15180587,Y
15176311,Y
15185102,Y
15186574,Y
15151723,Y
15174307,Y
15163479,Y
15179738,Y
15171059,Y
15142796,Y
15145609,Y
15150450,Y
15152351,Y
15154370,Y
15166141,Y
15151140,Y
15136819,Y
15138794,Y
15172606,Y
15183009,Y
15157537,Y
15170141,Y
15148459,Y
15176679,Y
15162975,Y
15165449,Y
15171090,Y
15182560,Y
15188056,Y
15140219,Y
15144263,Y
15156871,Y
15162989,Y
15176408,Y
15163989,Y
15152122,Y
15176213,Y
15143844,Y
15157228,Y
15158612,Y
15180327,Y
15196129,Y
15221280,Y
15183213,Y
15181662,Y
15188655,Y
15150718,Y
15165644,Y
15171962,Y
15179861,Y
15141043,Y
15185017,Y
15356865,Y
15193028,Y
15164206,Y
15166811,Y
15171311,Y
15174066,Y
15140302,Y
15164230,Y
15182075,Y
15182275,Y
15188402,Y
15155825,Y
15160941,Y
15173813,Y
15187963,Y
15178937,Y
15146325,Y
15163977,Y
15148514,Y
15167886,Y
15145326,Y
15166124,Y
15178923,Y
15168404,Y
15161507,Y
15164072,Y
15176131,Y
15178937,Y
15147796,Y
15165424,Y
15213079,Y
15153768,Y
15187289,Y
15147514,Y
15153180,Y
15154574,Y
15163200,Y
15145422,Y
15159136,Y
15166993,Y
15182609,Y
15165645,Y
15185078,Y
15152222,Y
15185178,Y
15239699,Y
15148452,Y
15152623,Y
15171389,Y
15170541,Y
15183634,Y
15170475,Y
15171548,Y
15188596,Y
15151091,Y
15157328,Y
15143323,Y
15164052,Y
15157789,Y
15173447,Y
15175699,Y
15183317,Y
15171481,Y
15158332,Y
15160036,Y
15173539,Y
15174987,Y
15147176,Y
15179964,Y
15142237,Y
15143805,Y
15168165,Y
15170727,Y
15209648,Y
15188175,Y
15143152,Y
15141178,Y
15158078,Y
15161060,Y
15157125,Y
15168866,Y
15276128,Y
15147458,Y
15170131,Y
15172104,Y
15208599,Y
15219570,Y
15158996,Y
15155763,Y
15195647,Y
15157279,Y
15157501,Y
15178654,Y
15150002,Y
15175477,Y
15151216,Y
15180741,Y
15136432,Y
15177768,Y
15150255,Y
15157852,Y
15148368,Y
15163578,Y
15177400,Y
15181662,Y
15179522,Y
15145892,Y
15163318,Y
15181664,Y
15185909,Y
15164174,Y
15166377,Y
15174700,Y
15178242,Y
15194197,Y
15139424,Y
15158994,Y
15166847,Y
15157824,Y
15146422,Y
15152314,Y
15170379,Y
15154548,Y
15178294,Y
15142281,Y
15145689,Y
15174298,Y
15150167,Y
15151091,Y
15145661,Y
15146422,Y
15162715,Y
15147956,Y
15145945,Y
15136371,Y
15138421,Y
15230360,Y
15187376,Y
15150724,Y
15179530,Y
15146095,Y
15210528,Y
15228253,Y
15244896,Y
15241286,Y
15239919,Y
15211941,Y
15199462,Y
15221866,Y
15199902,Y
15209713,Y
15229836,Y
15236445,Y
15189404,Y
15212571,Y
15229779,Y
15196867,Y
15204962,Y
15213391,Y
15237671,Y
15199390,Y
15230374,Y
15191094,Y
15193802,Y
15213952,Y
15196115,Y
15240521,Y
15246230,Y
15191051,Y
15227303,Y
15236793,Y
15241441,Y
15196866,Y
15201228,Y
15202123,Y
15203295,Y
15234735,Y
15194265,Y
15225610,Y
15188811,Y
15199504,Y
15225926,Y
15232136,Y
15208060,Y
15240627,Y
15244924,Y
15192149,Y
15234146,Y
15212500,Y
15240815,Y
15245551,Y
15204115,Y
15235550,Y
15204706,Y
15199179,Y
15238207,Y
15221661,Y
15246397,Y
15197955,Y
15217005,Y
15224282,Y
15238418,Y
15243148,Y
15212468,Y
15229149,Y
15197500,Y
15201619,Y
15213400,Y
15210219,Y
15235459,Y
15240993,Y
15193820,Y
15200202,Y
15210846,Y
15232669,Y
15199227,Y
15205461,Y
15220201,Y
15208570,Y
15219956,Y
15201497,Y
15202725,Y
15205841,Y
15191734,Y
15211524,Y
15212974,Y
15213008,Y
15227037,Y
15243317,Y
15209598,Y
15231678,Y
15248500,Y
15204201,Y
15214322,Y
15230344,Y
15244930,Y
15193776,Y
15241688,Y
15195068,Y
15206069,Y
15204018,Y
15195067,Y
15241256,Y
15215746,Y
15225242,Y
15231938,Y
15195876,Y
15201860,Y
15219459,Y
15228484,Y
15237668,Y
15220511,Y
15245607,Y
15207071,Y
15208427,Y
15191790,Y
15242871,Y
15195750,Y
15196866,Y
15232136,Y
15233628,Y
15204173,Y
15218629,Y
15236171,Y
15189886,Y
15247284,Y
15229623,Y
15241125,Y
15245973,Y
15202170,Y
15208060,Y
15243877,Y
15226180,Y
15208032,Y
15224560,Y
15192170,Y
15237459,Y
15216662,Y
15206729,Y
15193548,Y
15206221,Y
15235241,Y
15240521,Y
15246884,Y
15221249,Y
15240699,Y
15246586,Y
15211368,Y
15229967,Y
15191252,Y
15203364,Y
15222835,Y
15223664,Y
15204778,Y
15232297,Y
15200202,Y
15204612,Y
15224698,Y
15191125,Y
15225504,Y
15241992,Y
15245415,Y
15206528,Y
15243489,Y
15239172,Y
15191638,Y
15199575,Y
15208685,Y
15209893,Y
15229247,Y
15235692,Y
15240271,Y
15242549,Y
15245627,Y
15195614,Y
15206069,Y
15244226,Y
15231100,Y
15211141,Y
15215919,Y
15245309,Y
15190458,Y
15226068,Y
15214573,Y
15233079,Y
15208052,Y
15189747,Y
15217375,Y
15192040,Y
15212294,Y
15222203,Y
15223754,Y
15235345,Y
15248150,Y
15241316,Y
15203965,Y
15230762,Y
15232514,Y
15215906,Y
15241907,Y
15206771,Y
15226381,Y
15230881,Y
15210385,Y
15210487,Y
15215068,Y
15199170,Y
15206094,Y
15229973,Y
15240656,Y
15224888,Y
15189257,Y
15203310,Y
15217146,Y
15191164,Y
15213635,Y
15198595,Y
15226183,Y
15219864,Y
15223125,Y
15238312,Y
15245286,Y
15199575,Y
15227675,Y
15206841,Y
15210319,Y
15214410,Y
15233750,Y
15216957,Y
15223234,Y
15239089,Y
15212589,Y
15239919,Y
15246720,Y
15191198,Y
15206445,Y
15221092,Y
15197999,Y
15222105,Y
15239058,Y
15215216,Y
15238320,Y
15246405,Y
15195196,Y
15205015,Y
15207794,Y
15223129,Y
15246725,Y
15204008,Y
15191850,Y
15241052,Y
15207555,Y
15210542,Y
15246804,Y
15221385,Y
15235918,Y
15199198,Y
15217146,Y
15221231,Y
15202122,Y
15221673,Y
15199343,Y
15237121,Y
15248003,Y
15189258,Y
15234896,Y
15191592,Y
15201751,Y
15215081,Y
15234349,Y
15191186,Y
15236500,Y
15191880,Y
15194761,Y
15196552,Y
15220749,Y
15224801,Y
15228253,Y
15200293,Y
15190494,Y
15195039,Y
15211257,Y
15193658,Y
15196749,Y
15203427,Y
15231037,Y
15199351,Y
15220667,Y
15248908,Y
15189652,Y
15223105,Y
15210386,Y
15208319,Y
15247018,Y
15200068,Y
15211582,Y
15234658,Y
15243636,Y
15208845,Y
15201421,Y
15217740,Y
15242072,Y
15192614,Y
15190271,Y
15221800,Y
15195693,Y
15245292,Y
15236904,Y
15216671,Y
15217491,Y
15225990,Y
15199042,Y
15205041,Y
15197738,Y
15205681,Y
15230259,Y
15231112,Y
15190105,Y
15208169,Y
15203777,Y
15205439,Y
15219979,Y
15235405,Y
15224832,Y
15230210,Y
15213617,Y
15199570,Y
15236275,Y
15193603,Y
15198995,Y
15224268,Y
15215787,Y
15223105,Y
15208505,Y
15189108,Y
15221082,Y
15247298,Y
15244919,Y
15406722,Y
15317795,Y
15275734,Y
15311958,Y
15262141,Y
15266957,Y
15341994,Y
15253055,Y
15256134,Y
15258623,Y
15284543,Y
15295653,Y
15277410,Y
15272529,Y
15302259,Y
15339255,Y
15281792,Y
15304958,Y
15699971,Y
15273462,Y
15317171,Y
15270140,Y
15281792,Y
15299787,Y
15308190,Y
15260207,Y
15344331,Y
15267453,Y
15305238,Y
15308285,Y
15285766,Y
15342552,Y
15255559,Y
15267707,Y
15272149,Y
15273065,Y
15279950,Y
15290383,Y
15316619,Y
15268996,Y
15306577,Y
15332051,Y
15293603,Y
15341457,Y
15258462,Y
15273118,Y
15299905,Y
15300358,Y
15272001,Y
15284788,Y
15306020,Y
15311350,Y
15346873,Y
15297160,Y
15331811,Y
15273065,Y
15406948,Y
15275192,Y
15314706,Y
15308199,Y
15342670,Y
15347308,Y
15250956,Y
15345988,Y
15262184,Y
15268347,Y
15320692,Y
15321380,Y
15254580,Y
15262968,Y
15289656,Y
15275646,Y
15260709,Y
15344454,Y
15255990,Y
15257817,Y
15279375,Y
15284901,Y
15296965,Y
15253078,Y
15255925,Y
15295980,Y
15306012,Y
15312210,Y
15258564,Y
15335446,Y
15257084,Y
15355371,Y
15338010,Y
15262256,Y
15251273,Y
15298142,Y
15257127,Y
15358720,Y
15264776,Y
15280992,Y
15312271,Y
15287936,Y
15333272,Y
15343251,Y
15266666,Y
15313154,Y
15268288,Y
15339576,Y
15254378,Y
15258501,Y
15270299,Y
15271661,Y
15334869,Y
15258741,Y
15258548,Y
15267236,Y
15271987,Y
15324075,Y
15266797,Y
15272442,Y
15275237,Y
15325165,Y
15335452,Y
15339165,Y
15252731,Y
15266139,Y
15276815,Y
15284642,Y
15308775,Y
15320619,Y
15333313,Y
15253996,Y
15270612,Y
15277510,Y
15269494,Y
15271541,Y
15319136,Y
15343693,Y
15263964,Y
15330907,Y
15344742,Y
15274748,Y
15311707,Y
15345381,Y
15344742,Y
15267890,Y
15272571,Y
15294850,Y
15269903,Y
15314151,Y
15334801,Y
15289409,Y
15300840,Y
15299975,Y
15302674,Y
15303834,Y
15255012,Y
15263326,Y
15287212,Y
15297602,Y
15252861,Y
15250720,Y
15300565,Y
15328107,Y
15318930,Y
15259164,Y
15261997,Y
15268452,Y
15302674,Y
15334385,Y
15266361,Y
15339215,Y
15258909,Y
15333731,Y
15273397,Y
15274262,Y
15259312,Y
15265374,Y
15281470,Y
15304633,Y
15345494,Y
15303621,Y
15259684,Y
15299725,Y
15334742,Y
15266728,Y
15281220,Y
15344203,Y
15249423,Y
15294567,Y
15295838,Y
15253900,Y
15261836,Y
15252902,Y
15272391,Y
15303618,Y
15307329,Y
15313658,Y
15346310,Y
15271846,Y
15279848,Y
15328956,Y
15270511,Y
15277286,Y
15318663,Y
15270485,Y
15316668,Y
15339764,Y
15413764,Y
15294522,Y
15297148,Y
15329489,Y
15335018,Y
15260709,Y
15272069,Y
15292911,Y
15290323,Y
15297624,Y
15298499,Y
15302316,Y
15250296,Y
15293741,Y
15343226,Y
15274784,Y
15256062,Y
15329384,Y
15275227,Y
15320011,Y
15336839,Y
15278496,Y
15351316,Y
15283736,Y
15304267,Y
15317937,Y
15331753,Y
15331667,Y
15270954,Y
15312297,Y
15345052,Y
15295193,Y
15330528,Y
15338342,Y
15344851,Y
15261995,Y
15272303,Y
15341738,Y
15250064,Y
15289583,Y
15277022,Y
15255553,Y
15251209,Y
15275746,Y
15325252,Y
15341760,Y
15302010,Y
15262421,Y
15266134,Y
15266678,Y
15347259,Y
15263326,Y
15316035,Y
15252700,Y
15288608,Y
15263612,Y
15306371,Y
15293786,Y
15276817,Y
15317525,Y
15277672,Y
15320338,Y
15326320,Y
15275675,Y
15296394,Y
15328680,Y
15269539,Y
15274796,Y
15281626,Y
15336185,Y
15339214,Y
15285628,Y
15297866,Y
15252580,Y
15262901,Y
15346257,Y
15249649,Y
15320312,Y
15338234,Y
15279038,Y
15306921,Y
15318723,Y
15322278,Y
15335675,Y
15260188,Y
15296778,Y
15295414,Y
15336554,Y
15271090,Y
15281780,Y
15325470,Y
15288419,Y
15276721,Y
15289972,Y
15255744,Y
15260675,Y
15272040,Y
15258464,Y
15266317,Y
15273114,Y
15324745,Y
15254487,Y
15272016,Y
15322634,Y
15325075,Y
15335157,Y
15280709,Y
15304603,Y
15276727,Y
15331208,Y
15336689,Y
15258455,Y
15276869,Y
15300095,Y
15273294,Y
15334333,Y
15283987,Y
15300245,Y
15312027,Y
15252948,Y
15305163,Y
15317377,Y
15318561,Y
15258542,Y
15267960,Y
15345553,Y
15287903,Y
15338705,Y
15270782,Y
15308199,Y
15310177,Y
15287849,Y
15262372,Y
15268646,Y
15318237,Y
15250875,Y
15256349,Y
15268014,Y
15270615,Y
15274411,Y
15346027,Y
15260572,Y
15273272,Y
15306921,Y
15310151,Y
15328956,Y
15257456,Y
15322609,Y
15249410,Y
15325107,Y
15252845,Y
15269033,Y
15284133,Y
15267686,Y
15311097,Y
15269424,Y
15433172,Y
15312286,Y
15256645,Y
15305344,Y
15307970,Y
15291606,Y
15300095,Y
15334225,Y
15299295,Y
15306925,Y
15317149,Y
15263161,Y
15296737,Y
15322634,Y
15279763,Y
15305022,Y
15336850,Y
15391790,Y
15471000,Y
15471728,Y
15378290,Y
15424080,Y
15442986,Y
15472254,Y
15349894,Y
15413500,Y
15420910,Y
15416430,Y
15417381,Y
15465451,Y
15469660,Y
15463207,Y
15414322,Y
15466628,Y
15398609,Y
15456392,Y
15409545,Y
15433236,Y
15463979,Y
15473253,Y
15382911,Y
15394666,Y
15369164,Y
15413548,Y
15352314,Y
15471568,Y
15481224,Y
15462179,Y
15356405,Y
15448083,Y
15421601,Y
15431003,Y
15471725,Y
15461895,Y
15356285,Y
15371438,Y
15431891,Y
15469169,Y
15425071,Y
15358150,Y
15372970,Y
15406208,Y
15424831,Y
15464408,Y
15366308,Y
15366615,Y
15379617,Y
15452343,Y
15458633,Y
15397658,Y
15387221,Y
15473727,Y
15377497,Y
15376939,Y
15357101,Y
15365580,Y
15394180,Y
15387591,Y
15414141,Y
15467346,Y
15479293,Y
15403575,Y
15449592,Y
15373317,Y
15390673,Y
15433985,Y
15398900,Y
15476192,Y
15356381,Y
15389899,Y
15449848,Y
15459771,Y
15481242,Y
15425805,Y
15437266,Y
15465414,Y
15372843,Y
15472697,Y
15371837,Y
15379036,Y
15447305,Y
15476623,Y
15413821,Y
15417126,Y
15600476,Y
15402941,Y
15477750,Y
15409718,Y
15443021,Y
15448787,Y
15353962,Y
15384291,Y
15397300,Y
15437807,Y
15462122,Y
15478052,Y
15432388,Y
15372414,Y
15444608,Y
15461723,Y
15360185,Y
15440657,Y
15401712,Y
15458627,Y
15447223,Y
15467958,Y
15358685,Y
15398014,Y
15461121,Y
15467648,Y
15378066,Y
15381950,Y
15393784,Y
15403826,Y
15529948,Y
15402776,Y
15434865,Y
15442070,Y
15462321,Y
15453830,Y
15458524,Y
15349926,Y
15380121,Y
15456904,Y
15461190,Y
15473442,Y
15479115,Y
15356679,Y
15417076,Y
15391300,Y
15467494,Y
15349298,Y
15424670,Y
15443757,Y
15371443,Y
15387113,Y
15383143,Y
15404424,Y
15405041,Y
15431841,Y
15358348,Y
15363983,Y
15379778,Y
15462002,Y
15384699,Y
15361748,Y
15471601,Y
15455945,Y
15380080,Y
15418166,Y
15456529,Y
15477476,Y
15365874,Y
15396117,Y
15370738,Y
15452126,Y
15412506,Y
15437551,Y
15451389,Y
15468486,Y
15406764,Y
15451199,Y
15450483,Y
15465877,Y
15413684,Y
15439722,Y
15375270,Y
15437919,Y
15437171,Y
15349388,Y
15361951,Y
15452251,Y
15469368,Y
15482124,Y
15418045,Y
15422633,Y
15388904,Y
15396595,Y
15385635,Y
15481113,Y
15443003,Y
15464383,Y
15439145,Y
15473635,Y
15356748,Y
15380478,Y
15397634,Y
15446120,Y
15451302,Y
15410473,Y
15444929,Y
15424116,Y
15407055,Y
15370285,Y
15458538,Y
15391703,Y
15379777,Y
15366182,Y
15391672,Y
15591586,Y
15407765,Y
15415770,Y
15427468,Y
15454683,Y
15480256,Y
15480427,Y
15443004,Y
15356206,Y
15453039,Y
15366754,Y
15383203,Y
15410201,Y
15426976,Y
15470701,Y
15438632,Y
15354359,Y
15360257,Y
15404804,Y
15468408,Y
15391580,Y
15451260,Y
15455626,Y
15465243,Y
15447335,Y
15448647,Y
15353548,Y
15367355,Y
15437262,Y
15447320,Y
15377270,Y
15466289,Y
15371249,Y
15412600,Y
15447223,Y
15481842,Y
15387650,Y
15421473,Y
15373982,Y
15428276,Y
15472598,Y
15369052,Y
15413791,Y
15443467,Y
15371269,Y
15448993,Y
15426183,Y
15446409,Y
15385311,Y
15395004,Y
15407192,Y
15412180,Y
15470438,Y
15369161,Y
15455905,Y
15403546,Y
15429048,Y
15437951,Y
15477439,Y
15440672,Y
15449341,Y
15363385,Y
15395400,Y
15397295,Y
15418008,Y
15434875,Y
15441837,Y
15465645,Y
15408858,Y
15365103,Y
15465429,Y
15379774,Y
15400872,Y
15352816,Y
15375257,Y
15394101,Y
15410586,Y
15427444,Y
15477601,Y
15444266,Y
15459280,Y
15461195,Y
15360658,Y
15406768,Y
15358792,Y
15427608,Y
15415166,Y
15381443,Y
15380130,Y
15414056,Y
15421776,Y
15430486,Y
15467894,Y
15452629,Y
15463979,Y
15348343,Y
15504126,Y
15369273,Y
15377018,Y
15405228,Y
15413553,Y
15440680,Y
15442969,Y
15465355,Y
15378298,Y
15410100,Y
15424682,Y
15347500,Y
15363752,Y
15419548,Y
15383288,Y
15453239,Y
15370592,Y
15385295,Y
15400898,Y
15403219,Y
15467544,Y
15351982,Y
15364029,Y
15464213,Y
15477966,Y
15485991,Y
15467040,Y
15393146,Y
15461034,Y
15357870,Y
15464532,Y
15368906,Y
15382881,Y
15392039,Y
15433923,Y
15357932,Y
15376923,Y
15380331,Y
15402902,Y
15412180,Y
15348710,Y
15364362,Y
15423189,Y
15447305,Y
15375183,Y
15400858,Y
15372892,Y
15511041,Y
15440278,Y
15452356,Y
15472350,Y
15379145,Y
15481972,Y
15364848,Y
15379476,Y
15429795,Y
15375259,Y
15392924,Y
15394359,Y
15400229,Y
15376419,Y
15434071,Y
15464532,Y
15477082,Y
15353794,Y
15378012,Y
15389395,Y
15424343,Y
15450300,Y
15376380,Y
15410836,Y
15428819,Y
15347701,Y
15380080,Y
15437188,Y
15347425,Y
15439144,Y
15456689,Y
15477990,Y
15364586,Y
15365234,Y
15371195,Y
15401502,Y
15347975,Y
15416188,Y
15437507,Y
15478720,Y
15419474,Y
15458003,Y
15358375,Y
15579027,Y
15449255,Y
15454116,Y
15504002,Y
15400508,Y
15469571,Y
15467494,Y
15519180,Y
15536681,Y
15489781,Y
15513475,Y
15518905,Y
15530884,Y
15500075,Y
15532052,Y
15549830,Y
15628988,Y
15495694,Y
15505423,Y
15712435,Y
15485690,Y
15495971,Y
15513581,Y
15502019,Y
15503648,Y
15525961,Y
15484131,Y
15510634,Y
15542917,Y
15521472,Y
15507965,Y
15491051,Y
15502446,Y
15516324,Y
15531510,Y
15630848,Y
15527529,Y
15501278,Y
15581546,Y
15519561,Y
15492231,Y
15495912,Y
15486869,Y
15557992,Y
15490797,Y
15487660,Y
15507686,Y
15532047,Y
15512134,Y
15490637,Y
15503580,Y
15490326,Y
15493899,Y
15535175,Y
15497353,Y
15485807,Y
15506485,Y
15496359,Y
15503641,Y
15511956,Y
15535495,Y
15498900,Y
15536928,Y
15500874,Y
15503654,Y
15503761,Y
15484913,Y
15490509,Y
15500470,Y
15522816,Y
15530010,Y
15529707,Y
15550083,Y
15515149,Y
15519065,Y
15512172,Y
15524909,Y
15535834,Y
15490998,Y
15527779,Y
15487019,Y
15539473,Y
15508623,Y
15522664,Y
15515959,Y
15518127,Y
15501807,Y
15502414,Y
15511624,Y
15557996,Y
15502290,Y
15490785,Y
15542893,Y
15496390,Y
15495247,Y
15518925,Y
15514985,Y
15498403,Y
15717892,Y
15505796,Y
15511641,Y
15542508,Y
15511580,Y
15502945,Y
15536681,Y
15615214,Y
15489501,Y
15499297,Y
15530972,Y
15626566,Y
15501073,Y
15505667,Y
15542751,Y
15493900,Y
15505069,Y
15493652,Y
15489260,Y
15487014,Y
15523657,Y
15497353,Y
15501663,Y
15520682,Y
15502501,Y
15524183,Y
15505991,Y
15513298,Y
15531765,Y
15511492,Y
15517490,Y
15488844,Y
15500266,Y
15521227,Y
15493193,Y
15500275,Y
15512263,Y
15502501,Y
15495351,Y
15491712,Y
15630746,Y
15507963,Y
15510672,Y
15482815,Y
15517058,Y
15505419,Y
15530971,Y
15492304,Y
15498956,Y
15499130,Y
15493080,Y
15510079,Y
15506716,Y
15526358,Y
15504238,Y
15515972,Y
15586876,Y
15603620,Y
15503645,Y
15502191,Y
15513702,Y
15626392,Y
15509047,Y
15483908,Y
15628185,Y
